,Filename,AtomsObject,Eads,NPd,SiteType,RealSite,CN1,CN2,Z,Charge,Nsites,PdC1,PdC2,PdC3
0,pd1-ceria-co-CONTCAR,"Atoms(symbols='CCe32O65Pd', pbc=True, cell=[[13.447698687879647, -7.764032457428296, 0.0], [0.0, 15.528064914856582, 0.0], [0.0, 0.0, 19.754479466776573]], constraint=FixAtoms(indices=[0, 1, 2, 3, 4, 5, 6, 7, 8, 9, 10, 11, 12, 13, 14, 15, 32, 33, 34, 35, 36, 37, 38, 39, 40, 41, 42, 43, 44, 45, 46, 47, 48, 49, 50, 51, 52, 53, 54, 55, 56, 57, 58, 59, 60, 61, 62, 63]))",-2.4,1,top,top,0.0,0.0,4.138674501199406,0.54,1,1.8933809234285428,0.0,0.0
1,pd10-ceria-a1.CONTCAR,"Atoms(symbols='CCe32O65Pd10', pbc=True, cell=[[13.447698687879647, -7.764032457428296, 0.0], [0.0, 15.528064914856582, 0.0], [0.0, 0.0, 19.754479466776573]], constraint=FixAtoms(indices=[0, 1, 2, 3, 4, 5, 6, 7, 8, 9, 10, 11, 12, 13, 14, 15, 32, 33, 34, 35, 36, 37, 38, 39, 40, 41, 42, 43, 44, 45, 46, 47, 48, 49, 50, 51, 52, 53, 54, 55, 56, 57, 58, 59, 60, 61, 62, 63]))",-1.71,10,hollow,hollow,5.0,2.0,6.2480647832202365,0.0,3,2.0695013305929777,2.0973454971071517,2.1590173521446108
2,pd10-ceria-a2.CONTCAR,"Atoms(symbols='CCe32O65Pd10', pbc=True, cell=[[13.447698687879647, -7.764032457428296, 0.0], [0.0, 15.528064914856582, 0.0], [0.0, 0.0, 19.754479466776573]], constraint=FixAtoms(indices=[0, 1, 2, 3, 4, 5, 6, 7, 8, 9, 10, 11, 12, 13, 14, 15, 32, 33, 34, 35, 36, 37, 38, 39, 40, 41, 42, 43, 44, 45, 46, 47, 48, 49, 50, 51, 52, 53, 54, 55, 56, 57, 58, 59, 60, 61, 62, 63]))",-2.25,10,bridge,bridge,4.500906554484063,1.5009065544840632,4.814061854486149,0.085,2,1.9735526162085284,1.98072214724458,3.4197795792992096
3,pd10-ceria-a3.CONTCAR,"Atoms(symbols='CCe32O65Pd10', pbc=True, cell=[[13.447698687879647, -7.764032457428296, 0.0], [0.0, 15.528064914856582, 0.0], [0.0, 0.0, 19.754479466776573]], constraint=FixAtoms(indices=[0, 1, 2, 3, 4, 5, 6, 7, 8, 9, 10, 11, 12, 13, 14, 15, 32, 33, 34, 35, 36, 37, 38, 39, 40, 41, 42, 43, 44, 45, 46, 47, 48, 49, 50, 51, 52, 53, 54, 55, 56, 57, 58, 59, 60, 61, 62, 63]))",-1.92,10,top,top,5.0,2.0,5.711728340541289,-0.0085,1,1.8685320523596265,3.2975486200951365,3.512796986396949
4,pd10-ceria-co-CONTCAR,"Atoms(symbols='CCe32O65Pd10', pbc=True, cell=[[13.447698687879647, -7.764032457428296, 0.0], [0.0, 15.528064914856582, 0.0], [0.0, 0.0, 19.754479466776573]], constraint=FixAtoms(indices=[0, 1, 2, 3, 4, 5, 6, 7, 8, 9, 10, 11, 12, 13, 14, 15, 32, 33, 34, 35, 36, 37, 38, 39, 40, 41, 42, 43, 44, 45, 46, 47, 48, 49, 50, 51, 52, 53, 54, 55, 56, 57, 58, 59, 60, 61, 62, 63]))",-2.31,10,hollow,hollow,4.325764115126827,1.3257641151268265,4.194386662294689,0.17,3,2.0125037311108915,2.0755114616881185,2.0897792224249727
5,pd11-ceria-co-CONTCAR,"Atoms(symbols='CCe32O65Pd11', pbc=True, cell=[[13.447698687879647, -7.764032457428296, 0.0], [0.0, 15.528064914856582, 0.0], [0.0, 0.0, 19.754479466776573]], constraint=FixAtoms(indices=[0, 1, 2, 3, 4, 5, 6, 7, 8, 9, 10, 11, 12, 13, 14, 15, 32, 33, 34, 35, 36, 37, 38, 39, 40, 41, 42, 43, 44, 45, 46, 47, 48, 49, 50, 51, 52, 53, 54, 55, 56, 57, 58, 59, 60, 61, 62, 63]))",-2.29,11,hollow,hollow,4.039547875277773,0.6798492917592576,3.9305134774940194,0.12,3,1.9940080392931014,2.1133541936064764,2.1209795697794123
6,pd12-ceria-a1.CONTCAR,"Atoms(symbols='CCe32O65Pd12', pbc=True, cell=[[13.447698687879647, -7.764032457428296, 0.0], [0.0, 15.528064914856582, 0.0], [0.0, 0.0, 19.754479466776573]], constraint=FixAtoms(indices=[0, 1, 2, 3, 4, 5, 6, 7, 8, 9, 10, 11, 12, 13, 14, 15, 32, 33, 34, 35, 36, 37, 38, 39, 40, 41, 42, 43, 44, 45, 46, 47, 48, 49, 50, 51, 52, 53, 54, 55, 56, 57, 58, 59, 60, 61, 62, 63]))",-2.25,12,bridge,bridge,5.501101820339251,1.5011018203392505,5.861787493617007,-0.02,2,1.9869403665868637,1.99571671173317,3.2566316059434626
7,pd12-ceria-a2.CONTCAR,"Atoms(symbols='CCe32O65Pd12', pbc=True, cell=[[13.447698687879647, -7.764032457428296, 0.0], [0.0, 15.528064914856582, 0.0], [0.0, 0.0, 19.754479466776573]], constraint=FixAtoms(indices=[0, 1, 2, 3, 4, 5, 6, 7, 8, 9, 10, 11, 12, 13, 14, 15, 32, 33, 34, 35, 36, 37, 38, 39, 40, 41, 42, 43, 44, 45, 46, 47, 48, 49, 50, 51, 52, 53, 54, 55, 56, 57, 58, 59, 60, 61, 62, 63]))",-2.44,12,bridge,bridge,4.000197237936567,0.5000986189682836,4.7145628471934735,0.032,2,1.9602665248127884,1.9610399552115556,3.494936380291545
8,pd12-ceria-co-CONTCAR,"Atoms(symbols='CCe32O65Pd12', pbc=True, cell=[[13.447698687879647, -7.764032457428296, 0.0], [0.0, 15.528064914856582, 0.0], [0.0, 0.0, 19.754479466776573]], constraint=FixAtoms(indices=[0, 1, 2, 3, 4, 5, 6, 7, 8, 9, 10, 11, 12, 13, 14, 15, 32, 33, 34, 35, 36, 37, 38, 39, 40, 41, 42, 43, 44, 45, 46, 47, 48, 49, 50, 51, 52, 53, 54, 55, 56, 57, 58, 59, 60, 61, 62, 63]))",-2.43,12,hollow,hollow,4.700813477214474,0.6759267207307292,4.009107663390476,0.1,3,1.994219633250095,2.012024515169843,2.147362954722647
9,pd13-ceria-a1.CONTCAR,"Atoms(symbols='CCe32O65Pd13', pbc=True, cell=[[13.447698687879647, -7.764032457428296, 0.0], [0.0, 15.528064914856582, 0.0], [0.0, 0.0, 19.754479466776573]], constraint=FixAtoms(indices=[0, 1, 2, 3, 4, 5, 6, 7, 8, 9, 10, 11, 12, 13, 14, 15, 32, 33, 34, 35, 36, 37, 38, 39, 40, 41, 42, 43, 44, 45, 46, 47, 48, 49, 50, 51, 52, 53, 54, 55, 56, 57, 58, 59, 60, 61, 62, 63]))",-2.26,13,bridge,bridge,6.0097436706005505,1.5048718353002752,6.255015573603655,-0.0036,2,1.9718260976041404,2.010629836406346,2.8236999459193584
10,pd13-ceria-a2.CONTCAR,"Atoms(symbols='CCe32O65Pd13', pbc=True, cell=[[13.447698687879647, -7.764032457428296, 0.0], [0.0, 15.528064914856582, 0.0], [0.0, 0.0, 19.754479466776573]], constraint=FixAtoms(indices=[0, 1, 2, 3, 4, 5, 6, 7, 8, 9, 10, 11, 12, 13, 14, 15, 32, 33, 34, 35, 36, 37, 38, 39, 40, 41, 42, 43, 44, 45, 46, 47, 48, 49, 50, 51, 52, 53, 54, 55, 56, 57, 58, 59, 60, 61, 62, 63]))",-1.29,13,top,top,3.0,0.0,4.1160198847129035,0.12,1,1.8828702606644443,3.230118915586815,4.257744761886427
11,pd13-ceria-co-CONTCAR,"Atoms(symbols='CCe32O65Pd13', pbc=True, cell=[[13.447698687879647, -7.764032457428296, 0.0], [0.0, 15.528064914856582, 0.0], [0.0, 0.0, 19.754479466776573]], constraint=FixAtoms(indices=[0, 1, 2, 3, 4, 5, 6, 7, 8, 9, 10, 11, 12, 13, 14, 15, 32, 33, 34, 35, 36, 37, 38, 39, 40, 41, 42, 43, 44, 45, 46, 47, 48, 49, 50, 51, 52, 53, 54, 55, 56, 57, 58, 59, 60, 61, 62, 63]))",-2.38,13,hollow,hollow,4.69697408682215,0.674514273112591,3.969230858807077,0.09300000000000001,3,1.9939999025626616,2.0006346423952936,2.1315938510798844
12,pd14-ceria-a1.CONTCAR,"Atoms(symbols='CCe32O65Pd14', pbc=True, cell=[[13.447698687879647, -7.764032457428296, 0.0], [0.0, 15.528064914856582, 0.0], [0.0, 0.0, 19.754479466776573]], constraint=FixAtoms(indices=[0, 1, 2, 3, 4, 5, 6, 7, 8, 9, 10, 11, 12, 13, 14, 15, 32, 33, 34, 35, 36, 37, 38, 39, 40, 41, 42, 43, 44, 45, 46, 47, 48, 49, 50, 51, 52, 53, 54, 55, 56, 57, 58, 59, 60, 61, 62, 63]))",-2.19,14,bridge,bridge,6.003401751714378,1.501700875857189,5.863927134086026,-0.02,2,1.9764953447114826,1.9899883373770795,3.284108352065909
13,pd14-ceria-a2.CONTCAR,"Atoms(symbols='CCe32O65Pd14', pbc=True, cell=[[13.447698687879647, -7.764032457428296, 0.0], [0.0, 15.528064914856582, 0.0], [0.0, 0.0, 19.754479466776573]], constraint=FixAtoms(indices=[0, 1, 2, 3, 4, 5, 6, 7, 8, 9, 10, 11, 12, 13, 14, 15, 32, 33, 34, 35, 36, 37, 38, 39, 40, 41, 42, 43, 44, 45, 46, 47, 48, 49, 50, 51, 52, 53, 54, 55, 56, 57, 58, 59, 60, 61, 62, 63]))",-1.39,14,top,top,3.0,0.0,3.9512956796731333,0.18,1,1.8794637309873776,3.419796312046408,4.379126242428665
14,pd14-ceria-co-CONTCAR,"Atoms(symbols='CCe32O65Pd14', pbc=True, cell=[[13.447698687879647, -7.764032457428296, 0.0], [0.0, 15.528064914856582, 0.0], [0.0, 0.0, 19.754479466776573]], constraint=FixAtoms(indices=[0, 1, 2, 3, 4, 5, 6, 7, 8, 9, 10, 11, 12, 13, 14, 15, 32, 33, 34, 35, 36, 37, 38, 39, 40, 41, 42, 43, 44, 45, 46, 47, 48, 49, 50, 51, 52, 53, 54, 55, 56, 57, 58, 59, 60, 61, 62, 63]))",-2.31,14,hollow,hollow,4.713630903783258,0.6785052060577403,4.003797061332182,0.12300000000000001,3,1.9856132882944457,1.9880215114972002,2.2025563103233785
15,pd15-ceria-a1.CONTCAR,"Atoms(symbols='CCe32O65Pd15', pbc=True, cell=[[13.447698687879647, -7.764032457428296, 0.0], [0.0, 15.528064914856582, 0.0], [0.0, 0.0, 19.754479466776573]], constraint=FixAtoms(indices=[0, 1, 2, 3, 4, 5, 6, 7, 8, 9, 10, 11, 12, 13, 14, 15, 32, 33, 34, 35, 36, 37, 38, 39, 40, 41, 42, 43, 44, 45, 46, 47, 48, 49, 50, 51, 52, 53, 54, 55, 56, 57, 58, 59, 60, 61, 62, 63]))",-2.4,15,bridge,bridge,5.993337303463388,1.496668651731694,5.710267458681985,-0.027000000000000003,2,1.967445590035618,1.9938384233118847,3.1702024153607566
16,pd15-ceria-a2.CONTCAR,"Atoms(symbols='CCe32O65Pd15', pbc=True, cell=[[13.447698687879647, -7.764032457428296, 0.0], [0.0, 15.528064914856582, 0.0], [0.0, 0.0, 19.754479466776573]], constraint=FixAtoms(indices=[0, 1, 2, 3, 4, 5, 6, 7, 8, 9, 10, 11, 12, 13, 14, 15, 32, 33, 34, 35, 36, 37, 38, 39, 40, 41, 42, 43, 44, 45, 46, 47, 48, 49, 50, 51, 52, 53, 54, 55, 56, 57, 58, 59, 60, 61, 62, 63]))",-2.36,15,bridge,bridge,3.501011584053012,0.5003371946843372,4.681243531042443,0.07,2,1.9540356981407643,1.9566730385367617,3.5701013011282523
17,pd15-ceria-co-CONTCAR,"Atoms(symbols='CCe32O65Pd15', pbc=True, cell=[[13.447698687879647, -7.764032457428296, 0.0], [0.0, 15.528064914856582, 0.0], [0.0, 0.0, 19.754479466776573]], constraint=FixAtoms(indices=[0, 1, 2, 3, 4, 5, 6, 7, 8, 9, 10, 11, 12, 13, 14, 15, 32, 33, 34, 35, 36, 37, 38, 39, 40, 41, 42, 43, 44, 45, 46, 47, 48, 49, 50, 51, 52, 53, 54, 55, 56, 57, 58, 59, 60, 61, 62, 63]))",-2.25,15,hollow,hollow,4.692714296846667,0.673230564133749,3.8536665847708553,0.11599999999999999,3,1.9932688728174317,1.9945374112058207,2.1121181704575225
18,pd16-ceria-a1.CONTCAR,"Atoms(symbols='CCe32O65Pd16', pbc=True, cell=[[13.447698687879647, -7.764032457428296, 0.0], [0.0, 15.528064914856582, 0.0], [0.0, 0.0, 19.754479466776573]], constraint=FixAtoms(indices=[0, 1, 2, 3, 4, 5, 6, 7, 8, 9, 10, 11, 12, 13, 14, 15, 32, 33, 34, 35, 36, 37, 38, 39, 40, 41, 42, 43, 44, 45, 46, 47, 48, 49, 50, 51, 52, 53, 54, 55, 56, 57, 58, 59, 60, 61, 62, 63]))",-2.4,16,bridge,bridge,5.993809820144254,1.4969049100721268,5.50692367049988,-0.015,2,1.9640354915885052,1.988502412098985,2.9794239478136006
19,pd16-ceria-a2.CONTCAR,"Atoms(symbols='CCe32O65Pd16', pbc=True, cell=[[13.447698687879647, -7.764032457428296, 0.0], [0.0, 15.528064914856582, 0.0], [0.0, 0.0, 19.754479466776573]], constraint=FixAtoms(indices=[0, 1, 2, 3, 4, 5, 6, 7, 8, 9, 10, 11, 12, 13, 14, 15, 32, 33, 34, 35, 36, 37, 38, 39, 40, 41, 42, 43, 44, 45, 46, 47, 48, 49, 50, 51, 52, 53, 54, 55, 56, 57, 58, 59, 60, 61, 62, 63]))",-2.24,16,bridge,bridge,3.9970167470151985,0.498508373507599,4.6039849605766765,0.085,2,1.9564087036885414,1.968116555381593,3.7070275229009653
20,pd16-ceria-co-CONTCAR,"Atoms(symbols='CCe32O65Pd16', pbc=True, cell=[[13.447698687879647, -7.764032457428296, 0.0], [0.0, 15.528064914856582, 0.0], [0.0, 0.0, 19.754479466776573]], constraint=FixAtoms(indices=[0, 1, 2, 3, 4, 5, 6, 7, 8, 9, 10, 11, 12, 13, 14, 15, 32, 33, 34, 35, 36, 37, 38, 39, 40, 41, 42, 43, 44, 45, 46, 47, 48, 49, 50, 51, 52, 53, 54, 55, 56, 57, 58, 59, 60, 61, 62, 63]))",-2.29,16,hollow,hollow,4.699626473319645,0.6753659833884096,3.974216728797366,0.12300000000000001,3,1.9887391226919946,1.9999955803234988,2.1373612109300537
21,pd17-ceria-a1.CONTCAR,"Atoms(symbols='CCe32O65Pd17', pbc=True, cell=[[13.447698687879647, -7.764032457428296, 0.0], [0.0, 15.528064914856582, 0.0], [0.0, 0.0, 19.754479466776573]], constraint=FixAtoms(indices=[0, 1, 2, 3, 4, 5, 6, 7, 8, 9, 10, 11, 12, 13, 14, 15, 32, 33, 34, 35, 36, 37, 38, 39, 40, 41, 42, 43, 44, 45, 46, 47, 48, 49, 50, 51, 52, 53, 54, 55, 56, 57, 58, 59, 60, 61, 62, 63]))",-2.44,17,bridge,bridge,5.999161616441137,1.9991616164411377,5.857830851284609,-0.01,2,1.9730058976028098,1.9763169449426383,3.2781623852895465
22,pd17-ceria-a2.CONTCAR,"Atoms(symbols='CCe32O65Pd17', pbc=True, cell=[[13.447698687879647, -7.764032457428296, 0.0], [0.0, 15.528064914856582, 0.0], [0.0, 0.0, 19.754479466776573]], constraint=FixAtoms(indices=[0, 1, 2, 3, 4, 5, 6, 7, 8, 9, 10, 11, 12, 13, 14, 15, 32, 33, 34, 35, 36, 37, 38, 39, 40, 41, 42, 43, 44, 45, 46, 47, 48, 49, 50, 51, 52, 53, 54, 55, 56, 57, 58, 59, 60, 61, 62, 63]))",-1.52,17,top,top,3.0,0.0,3.9300856401678073,0.18,1,1.8796577018271818,3.4745930558283797,4.378568023492151
23,pd17-ceria-co-CONTCAR,"Atoms(symbols='CCe32O65Pd17', pbc=True, cell=[[13.447698687879647, -7.764032457428296, 0.0], [0.0, 15.528064914856582, 0.0], [0.0, 0.0, 19.754479466776573]], constraint=FixAtoms(indices=[0, 1, 2, 3, 4, 5, 6, 7, 8, 9, 10, 11, 12, 13, 14, 15, 32, 33, 34, 35, 36, 37, 38, 39, 40, 41, 42, 43, 44, 45, 46, 47, 48, 49, 50, 51, 52, 53, 54, 55, 56, 57, 58, 59, 60, 61, 62, 63]))",-2.33,17,hollow,hollow,4.694567110062348,0.6736690201745061,3.9303996091524422,0.12,3,2.0000919249187734,2.000759809066903,2.12817691658353
24,pd18-ceria-co-CONTCAR,"Atoms(symbols='CCe32O65Pd18', pbc=True, cell=[[13.447698687879647, -7.764032457428296, 0.0], [0.0, 15.528064914856582, 0.0], [0.0, 0.0, 19.754479466776573]], constraint=FixAtoms(indices=[0, 1, 2, 3, 4, 5, 6, 7, 8, 9, 10, 11, 12, 13, 14, 15, 32, 33, 34, 35, 36, 37, 38, 39, 40, 41, 42, 43, 44, 45, 46, 47, 48, 49, 50, 51, 52, 53, 54, 55, 56, 57, 58, 59, 60, 61, 62, 63]))",-2.33,18,hollow,hollow,4.70875663361255,0.6776678500994151,3.919179522279426,0.113,3,1.9867515339578117,1.9985535395866694,2.1783727804039197
25,pd19-ceria-co-CONTCAR,"Atoms(symbols='CCe32O65Pd19', pbc=True, cell=[[13.447698687879647, -7.764032457428296, 0.0], [0.0, 15.528064914856582, 0.0], [0.0, 0.0, 19.754479466776573]], constraint=FixAtoms(indices=[0, 1, 2, 3, 4, 5, 6, 7, 8, 9, 10, 11, 12, 13, 14, 15, 32, 33, 34, 35, 36, 37, 38, 39, 40, 41, 42, 43, 44, 45, 46, 47, 48, 49, 50, 51, 52, 53, 54, 55, 56, 57, 58, 59, 60, 61, 62, 63]))",-2.08,19,hollow,hollow,5.037950040976639,0.6793166803255466,3.9230972895960052,0.11599999999999999,3,1.9839791290487296,2.0011705259613994,2.201574154207003
26,pd2-ceria-a1.CONTCAR,"Atoms(symbols='CCe32O65Pd2', pbc=True, cell=[[13.447698687879647, -7.764032457428296, 0.0], [0.0, 15.528064914856582, 0.0], [0.0, 0.0, 19.754479466776573]], constraint=FixAtoms(indices=[0, 1, 2, 3, 4, 5, 6, 7, 8, 9, 10, 11, 12, 13, 14, 15, 32, 33, 34, 35, 36, 37, 38, 39, 40, 41, 42, 43, 44, 45, 46, 47, 48, 49, 50, 51, 52, 53, 54, 55, 56, 57, 58, 59, 60, 61, 62, 63]))",-2.67,2,top,top,1.0,0.0,4.450277076807109,0.31,1,1.846344599504595,3.4028067063897667,0.0
27,pd2-ceria-co-CONTCAR,"Atoms(symbols='CCe32O65Pd2', pbc=True, cell=[[13.447698687879647, -7.764032457428296, 0.0], [0.0, 15.528064914856582, 0.0], [0.0, 0.0, 19.754479466776573]], constraint=FixAtoms(indices=[0, 1, 2, 3, 4, 5, 6, 7, 8, 9, 10, 11, 12, 13, 14, 15, 32, 33, 34, 35, 36, 37, 38, 39, 40, 41, 42, 43, 44, 45, 46, 47, 48, 49, 50, 51, 52, 53, 54, 55, 56, 57, 58, 59, 60, 61, 62, 63]))",-2.98,2,bridge,bridge,1.0,0.0,3.854116197345227,0.39,2,1.9822764383794804,1.983808209942654,0.0
28,pd20-ceria-co-CONTCAR,"Atoms(symbols='CCe32O65Pd20', pbc=True, cell=[[13.447698687879647, -7.764032457428296, 0.0], [0.0, 15.528064914856582, 0.0], [0.0, 0.0, 19.754479466776573]], constraint=FixAtoms(indices=[0, 1, 2, 3, 4, 5, 6, 7, 8, 9, 10, 11, 12, 13, 14, 15, 32, 33, 34, 35, 36, 37, 38, 39, 40, 41, 42, 43, 44, 45, 46, 47, 48, 49, 50, 51, 52, 53, 54, 55, 56, 57, 58, 59, 60, 61, 62, 63]))",-2.0,20,hollow,hollow,5.034487777339559,0.6781625924465198,3.9342874390705225,0.113,3,1.9914443922217349,2.006739780662176,2.189550209393616
29,pd3-ceria-a1.CONTCAR,"Atoms(symbols='CCe32O65Pd3', pbc=True, cell=[[13.447698687879647, -7.764032457428296, 0.0], [0.0, 15.528064914856582, 0.0], [0.0, 0.0, 19.754479466776573]], constraint=FixAtoms(indices=[0, 1, 2, 3, 4, 5, 6, 7, 8, 9, 10, 11, 12, 13, 14, 15, 32, 33, 34, 35, 36, 37, 38, 39, 40, 41, 42, 43, 44, 45, 46, 47, 48, 49, 50, 51, 52, 53, 54, 55, 56, 57, 58, 59, 60, 61, 62, 63]))",-2.94,3,hollow,hollow,2.0,0.0,4.089030266811719,0.28,3,2.005427055922624,2.006454062341395,2.309617599018316
30,pd3-ceria-a2.CONTCAR,"Atoms(symbols='CCe32O65Pd3', pbc=True, cell=[[13.447698687879647, -7.764032457428296, 0.0], [0.0, 15.528064914856582, 0.0], [0.0, 0.0, 19.754479466776573]], constraint=FixAtoms(indices=[0, 1, 2, 3, 4, 5, 6, 7, 8, 9, 10, 11, 12, 13, 14, 15, 32, 33, 34, 35, 36, 37, 38, 39, 40, 41, 42, 43, 44, 45, 46, 47, 48, 49, 50, 51, 52, 53, 54, 55, 56, 57, 58, 59, 60, 61, 62, 63]))",-2.64,3,top,top,2.0,0.0,4.75736894706415,0.38,1,1.838762843831748,3.3332467686843503,3.4068799070335953
31,pd3-ceria-co-CONTCAR,"Atoms(symbols='CCe32O65Pd3', pbc=True, cell=[[13.447698687879647, -7.764032457428296, 0.0], [0.0, 15.528064914856582, 0.0], [0.0, 0.0, 19.754479466776573]], constraint=FixAtoms(indices=[0, 1, 2, 3, 4, 5, 6, 7, 8, 9, 10, 11, 12, 13, 14, 15, 32, 33, 34, 35, 36, 37, 38, 39, 40, 41, 42, 43, 44, 45, 46, 47, 48, 49, 50, 51, 52, 53, 54, 55, 56, 57, 58, 59, 60, 61, 62, 63]))",-3.06,3,bridge,bridge,2.0,0.0,4.252871421700786,0.23,2,1.9722090745187553,1.975424063661531,3.208482883810311
32,pd4-ceria-a1.CONTCAR,"Atoms(symbols='CCe32O65Pd4', pbc=True, cell=[[13.447698687879647, -7.764032457428296, 0.0], [0.0, 15.528064914856582, 0.0], [0.0, 0.0, 19.754479466776573]], constraint=FixAtoms(indices=[0, 1, 2, 3, 4, 5, 6, 7, 8, 9, 10, 11, 12, 13, 14, 15, 32, 33, 34, 35, 36, 37, 38, 39, 40, 41, 42, 43, 44, 45, 46, 47, 48, 49, 50, 51, 52, 53, 54, 55, 56, 57, 58, 59, 60, 61, 62, 63]))",-2.33,4,bridge,bridge,3.0,0.0,4.758254357243784,0.085,2,1.9183940285511354,1.9406680406873025,3.125191610636156
33,pd4-ceria-a2.CONTCAR,"Atoms(symbols='CCe32O65Pd4', pbc=True, cell=[[13.447698687879647, -7.764032457428296, 0.0], [0.0, 15.528064914856582, 0.0], [0.0, 0.0, 19.754479466776573]], constraint=FixAtoms(indices=[0, 1, 2, 3, 4, 5, 6, 7, 8, 9, 10, 11, 12, 13, 14, 15, 32, 33, 34, 35, 36, 37, 38, 39, 40, 41, 42, 43, 44, 45, 46, 47, 48, 49, 50, 51, 52, 53, 54, 55, 56, 57, 58, 59, 60, 61, 62, 63]))",-2.57,4,hollow,hollow,3.0000000000000004,0.0,4.11367129893861,0.157,3,2.0035039624925783,2.021845399196174,2.033771825525712
34,pd4-ceria-a3.CONTCAR,"Atoms(symbols='CCe32O65Pd4', pbc=True, cell=[[13.447698687879647, -7.764032457428296, 0.0], [0.0, 15.528064914856582, 0.0], [0.0, 0.0, 19.754479466776573]], constraint=FixAtoms(indices=[0, 1, 2, 3, 4, 5, 6, 7, 8, 9, 10, 11, 12, 13, 14, 15, 32, 33, 34, 35, 36, 37, 38, 39, 40, 41, 42, 43, 44, 45, 46, 47, 48, 49, 50, 51, 52, 53, 54, 55, 56, 57, 58, 59, 60, 61, 62, 63]))",-1.81,4,top,top,3.0,0.0,3.8074846256663255,0.23,1,1.8603845171221314,3.301179223528447,4.271954062560729
35,pd4-ceria-a4.CONTCAR,"Atoms(symbols='CCe32O65Pd4', pbc=True, cell=[[13.447698687879647, -7.764032457428296, 0.0], [0.0, 15.528064914856582, 0.0], [0.0, 0.0, 19.754479466776573]], constraint=FixAtoms(indices=[0, 1, 2, 3, 4, 5, 6, 7, 8, 9, 10, 11, 12, 13, 14, 15, 32, 33, 34, 35, 36, 37, 38, 39, 40, 41, 42, 43, 44, 45, 46, 47, 48, 49, 50, 51, 52, 53, 54, 55, 56, 57, 58, 59, 60, 61, 62, 63]))",-1.56,4,top,top,3.0,0.0,6.335720949329281,-0.06,1,1.8634971134706824,3.7227946308667628,3.770300553604582
36,pd4-ceria-co-CONTCAR,"Atoms(symbols='CCe32O65Pd4', pbc=True, cell=[[13.447698687879647, -7.764032457428296, 0.0], [0.0, 15.528064914856582, 0.0], [0.0, 0.0, 19.754479466776573]], constraint=FixAtoms(indices=[0, 1, 2, 3, 4, 5, 6, 7, 8, 9, 10, 11, 12, 13, 14, 15, 32, 33, 34, 35, 36, 37, 38, 39, 40, 41, 42, 43, 44, 45, 46, 47, 48, 49, 50, 51, 52, 53, 54, 55, 56, 57, 58, 59, 60, 61, 62, 63]))",-2.58,4,hollow,hollow,2.999999999999999,0.0,4.132142168400189,0.17,3,2.0015455184877378,2.030949456610143,2.031817234333164
37,pd5-ceria-a1.CONTCAR,"Atoms(symbols='CCe32O65Pd5', pbc=True, cell=[[13.447698687879647, -7.764032457428296, 0.0], [0.0, 15.528064914856582, 0.0], [0.0, 0.0, 19.754479466776573]], constraint=FixAtoms(indices=[0, 1, 2, 3, 4, 5, 6, 7, 8, 9, 10, 11, 12, 13, 14, 15, 32, 33, 34, 35, 36, 37, 38, 39, 40, 41, 42, 43, 44, 45, 46, 47, 48, 49, 50, 51, 52, 53, 54, 55, 56, 57, 58, 59, 60, 61, 62, 63]))",-2.26,5,hollow,hollow,3.3349906447140887,0.3312760021784914,4.061323516959621,0.073,3,2.0099269485653686,2.0248362562775313,2.032464530785292
38,pd5-ceria-a2.CONTCAR,"Atoms(symbols='CCe32O65Pd5', pbc=True, cell=[[13.447698687879647, -7.764032457428296, 0.0], [0.0, 15.528064914856582, 0.0], [0.0, 0.0, 19.754479466776573]], constraint=FixAtoms(indices=[0, 1, 2, 3, 4, 5, 6, 7, 8, 9, 10, 11, 12, 13, 14, 15, 32, 33, 34, 35, 36, 37, 38, 39, 40, 41, 42, 43, 44, 45, 46, 47, 48, 49, 50, 51, 52, 53, 54, 55, 56, 57, 58, 59, 60, 61, 62, 63]))",-2.18,5,bridge,bridge,3.0102997236629156,0.49485013816854223,3.8049960257281756,0.16,2,1.9520580504194176,1.9926878430424964,3.213421450487886
39,pd5-ceria-a4.CONTCAR,"Atoms(symbols='CCe32O65Pd5', pbc=True, cell=[[13.447698687879647, -7.764032457428296, 0.0], [0.0, 15.528064914856582, 0.0], [0.0, 0.0, 19.754479466776573]], constraint=FixAtoms(indices=[0, 1, 2, 3, 4, 5, 6, 7, 8, 9, 10, 11, 12, 13, 14, 15, 32, 33, 34, 35, 36, 37, 38, 39, 40, 41, 42, 43, 44, 45, 46, 47, 48, 49, 50, 51, 52, 53, 54, 55, 56, 57, 58, 59, 60, 61, 62, 63]))",-1.58,5,top,top,3.0,0.0,4.120636337493221,0.13,1,1.8733378329555634,3.279203614896274,4.170882406497359
40,pd5-ceria-a5.CONTCAR,"Atoms(symbols='CCe32O65Pd5', pbc=True, cell=[[13.447698687879647, -7.764032457428296, 0.0], [0.0, 15.528064914856582, 0.0], [0.0, 0.0, 19.754479466776573]], constraint=FixAtoms(indices=[0, 1, 2, 3, 4, 5, 6, 7, 8, 9, 10, 11, 12, 13, 14, 15, 32, 33, 34, 35, 36, 37, 38, 39, 40, 41, 42, 43, 44, 45, 46, 47, 48, 49, 50, 51, 52, 53, 54, 55, 56, 57, 58, 59, 60, 61, 62, 63]))",-1.27,5,top,top,3.0,1.0,6.303206634546407,-0.13,1,1.911505501706497,3.820165302299971,3.895654488710204
41,pd5-ceria-a6.CONTCAR,"Atoms(symbols='CCe32O65Pd5', pbc=True, cell=[[13.447698687879647, -7.764032457428296, 0.0], [0.0, 15.528064914856582, 0.0], [0.0, 0.0, 19.754479466776573]], constraint=FixAtoms(indices=[0, 1, 2, 3, 4, 5, 6, 7, 8, 9, 10, 11, 12, 13, 14, 15, 32, 33, 34, 35, 36, 37, 38, 39, 40, 41, 42, 43, 44, 45, 46, 47, 48, 49, 50, 51, 52, 53, 54, 55, 56, 57, 58, 59, 60, 61, 62, 63]))",-2.51,5,hollow,hollow,2.9951835601672334,0.0,4.305217243863073,0.047,3,2.0035932728568095,2.032971638337608,2.063036973362769
42,pd5-ceria-co-CONTCAR,"Atoms(symbols='CCe32O65Pd5', pbc=True, cell=[[13.447698687879647, -7.764032457428296, 0.0], [0.0, 15.528064914856582, 0.0], [0.0, 0.0, 19.754479466776573]], constraint=FixAtoms(indices=[0, 1, 2, 3, 4, 5, 6, 7, 8, 9, 10, 11, 12, 13, 14, 15, 32, 33, 34, 35, 36, 37, 38, 39, 40, 41, 42, 43, 44, 45, 46, 47, 48, 49, 50, 51, 52, 53, 54, 55, 56, 57, 58, 59, 60, 61, 62, 63]))",-3.03,5,hollow,hollow,3.3343015120875794,0.33199477410694295,4.040812996783732,0.06,3,2.0137603305971887,2.024126141268602,2.0277521696283407
43,pd6-ceria-a1.CONTCAR,"Atoms(symbols='CCe32O65Pd6', pbc=True, cell=[[13.447698687879647, -7.764032457428296, 0.0], [0.0, 15.528064914856582, 0.0], [0.0, 0.0, 19.754479466776573]], constraint=FixAtoms(indices=[0, 1, 2, 3, 4, 5, 6, 7, 8, 9, 10, 11, 12, 13, 14, 15, 32, 33, 34, 35, 36, 37, 38, 39, 40, 41, 42, 43, 44, 45, 46, 47, 48, 49, 50, 51, 52, 53, 54, 55, 56, 57, 58, 59, 60, 61, 62, 63]))",-2.27,6,bridge,bridge,3.493969280185238,1.0120614396295249,4.8701134725236095,0.105,2,1.9149604217225729,1.9617187535582583,3.3532870605696314
44,pd6-ceria-a2.CONTCAR,"Atoms(symbols='CCe32O65Pd6', pbc=True, cell=[[13.447698687879647, -7.764032457428296, 0.0], [0.0, 15.528064914856582, 0.0], [0.0, 0.0, 19.754479466776573]], constraint=FixAtoms(indices=[0, 1, 2, 3, 4, 5, 6, 7, 8, 9, 10, 11, 12, 13, 14, 15, 32, 33, 34, 35, 36, 37, 38, 39, 40, 41, 42, 43, 44, 45, 46, 47, 48, 49, 50, 51, 52, 53, 54, 55, 56, 57, 58, 59, 60, 61, 62, 63]))",-2.21,6,hollow,hollow,3.668016597854149,0.6639668042917031,4.04736849189834,0.15,3,2.024417623311492,2.036155283335162,2.037375395064216
45,pd6-ceria-a3.CONTCAR,"Atoms(symbols='CCe32O65Pd6', pbc=True, cell=[[13.447698687879647, -7.764032457428296, 0.0], [0.0, 15.528064914856582, 0.0], [0.0, 0.0, 19.754479466776573]], constraint=FixAtoms(indices=[0, 1, 2, 3, 4, 5, 6, 7, 8, 9, 10, 11, 12, 13, 14, 15, 32, 33, 34, 35, 36, 37, 38, 39, 40, 41, 42, 43, 44, 45, 46, 47, 48, 49, 50, 51, 52, 53, 54, 55, 56, 57, 58, 59, 60, 61, 62, 63]))",-2.39,6,bridge,bridge,3.5331553625401013,0.48894821248663306,3.9996560341151435,0.2,2,1.9446172668332156,2.0325263593670293,2.9871418476765146
46,pd6-ceria-a4.CONTCAR,"Atoms(symbols='CCe32O65Pd6', pbc=True, cell=[[13.447698687879647, -7.764032457428296, 0.0], [0.0, 15.528064914856582, 0.0], [0.0, 0.0, 19.754479466776573]], constraint=FixAtoms(indices=[0, 1, 2, 3, 4, 5, 6, 7, 8, 9, 10, 11, 12, 13, 14, 15, 32, 33, 34, 35, 36, 37, 38, 39, 40, 41, 42, 43, 44, 45, 46, 47, 48, 49, 50, 51, 52, 53, 54, 55, 56, 57, 58, 59, 60, 61, 62, 63]))",-1.47,6,top,top,4.0,0.0,3.9634671964161896,0.26,1,1.8727632355647297,3.368566789207969,3.687572188005647
47,pd6-ceria-a5.CONTCAR,"Atoms(symbols='CCe32O65Pd6', pbc=True, cell=[[13.447698687879647, -7.764032457428296, 0.0], [0.0, 15.528064914856582, 0.0], [0.0, 0.0, 19.754479466776573]], constraint=FixAtoms(indices=[0, 1, 2, 3, 4, 5, 6, 7, 8, 9, 10, 11, 12, 13, 14, 15, 32, 33, 34, 35, 36, 37, 38, 39, 40, 41, 42, 43, 44, 45, 46, 47, 48, 49, 50, 51, 52, 53, 54, 55, 56, 57, 58, 59, 60, 61, 62, 63]))",-2.33,6,bridge,bridge,3.032526967546565,0.4837365162267175,4.251545001035643,0.215,2,1.932889523206655,2.0628591093004447,2.8904906579701217
48,pd6-ceria-a6.CONTCAR,"Atoms(symbols='CCe32O65Pd6', pbc=True, cell=[[13.447698687879647, -7.764032457428296, 0.0], [0.0, 15.528064914856582, 0.0], [0.0, 0.0, 19.754479466776573]], constraint=FixAtoms(indices=[0, 1, 2, 3, 4, 5, 6, 7, 8, 9, 10, 11, 12, 13, 14, 15, 32, 33, 34, 35, 36, 37, 38, 39, 40, 41, 42, 43, 44, 45, 46, 47, 48, 49, 50, 51, 52, 53, 54, 55, 56, 57, 58, 59, 60, 61, 62, 63]))",-1.5,6,top,top,3.0,2.0,6.289238692166333,-0.054000000000000006,1,1.8914094468387268,3.6832147258156676,3.9136583358254047
49,pd6-ceria-co-CONTCAR,"Atoms(symbols='CCe32O65Pd6', pbc=True, cell=[[13.447729072505142, -7.764049999999996, 0.0], [0.0, 15.528099999999998, 0.0], [0.0, 0.0, 19.7545]], constraint=FixAtoms(indices=[0, 1, 2, 3, 4, 5, 6, 7, 8, 9, 10, 11, 12, 13, 14, 15, 32, 33, 34, 35, 36, 37, 38, 39, 40, 41, 42, 43, 44, 45, 46, 47, 48, 49, 50, 51, 52, 53, 54, 55, 56, 57, 58, 59, 60, 61, 62, 63]))",-2.28,6,hollow,hollow,3.667322930168097,0.6653541396638057,4.148594608302682,0.16,3,2.020705740098028,2.0213918204896637,2.0340405438841467
50,pd7-ceria-a1.CONTCAR,"Atoms(symbols='CCe32O65Pd7', pbc=True, cell=[[13.447729072505142, -7.764049999999996, 0.0], [0.0, 15.528099999999998, 0.0], [0.0, 0.0, 19.7545]], constraint=FixAtoms(indices=[0, 1, 2, 3, 4, 5, 6, 7, 8, 9, 10, 11, 12, 13, 14, 15, 32, 33, 34, 35, 36, 37, 38, 39, 40, 41, 42, 43, 44, 45, 46, 47, 48, 49, 50, 51, 52, 53, 54, 55, 56, 57, 58, 59, 60, 61, 62, 63]))",-1.82,7,bridge,bridge,4.0,1.0,6.298390951386784,-0.01,2,1.9961871664878323,1.9964080601286218,3.750054784043843
51,pd7-ceria-a2.CONTCAR,"Atoms(symbols='CCe32O65Pd7', pbc=True, cell=[[13.447729072505142, -7.764049999999996, 0.0], [0.0, 15.528099999999998, 0.0], [0.0, 0.0, 19.7545]], constraint=FixAtoms(indices=[0, 1, 2, 3, 4, 5, 6, 7, 8, 9, 10, 11, 12, 13, 14, 15, 32, 33, 34, 35, 36, 37, 38, 39, 40, 41, 42, 43, 44, 45, 46, 47, 48, 49, 50, 51, 52, 53, 54, 55, 56, 57, 58, 59, 60, 61, 62, 63]))",-2.23,7,hollow,hollow,4.353482285957998,0.33370584914783186,3.9285981158628327,0.14300000000000002,3,2.0031673658785265,2.0482010815943217,2.0863755771665513
52,pd7-ceria-a3.CONTCAR,"Atoms(symbols='CCe32O65Pd7', pbc=True, cell=[[13.447729072505142, -7.764049999999996, 0.0], [0.0, 15.528099999999998, 0.0], [0.0, 0.0, 19.7545]], constraint=FixAtoms(indices=[0, 1, 2, 3, 4, 5, 6, 7, 8, 9, 10, 11, 12, 13, 14, 15, 32, 33, 34, 35, 36, 37, 38, 39, 40, 41, 42, 43, 44, 45, 46, 47, 48, 49, 50, 51, 52, 53, 54, 55, 56, 57, 58, 59, 60, 61, 62, 63]))",-1.82,7,bridge,bridge,4.0,1.0,3.4176040393331557,0.235,2,1.9748480645850959,1.9806086490392834,3.4479817882737818
53,pd7-ceria-a4.CONTCAR,"Atoms(symbols='CCe32O65Pd7', pbc=True, cell=[[13.447729072505142, -7.764049999999996, 0.0], [0.0, 15.528099999999998, 0.0], [0.0, 0.0, 19.7545]], constraint=FixAtoms(indices=[0, 1, 2, 3, 4, 5, 6, 7, 8, 9, 10, 11, 12, 13, 14, 15, 32, 33, 34, 35, 36, 37, 38, 39, 40, 41, 42, 43, 44, 45, 46, 47, 48, 49, 50, 51, 52, 53, 54, 55, 56, 57, 58, 59, 60, 61, 62, 63]))",-2.22,7,bridge,bridge,3.001518712804017,0.5007593564020085,4.540974778801075,0.08,2,1.9748010741624034,1.9808085090841727,2.8549926683144737
54,pd7-ceria-a5.CONTCAR,"Atoms(symbols='CCe32O65Pd7', pbc=True, cell=[[13.447729072505142, -7.764049999999996, 0.0], [0.0, 15.528099999999998, 0.0], [0.0, 0.0, 19.7545]], constraint=FixAtoms(indices=[0, 1, 2, 3, 4, 5, 6, 7, 8, 9, 10, 11, 12, 13, 14, 15, 32, 33, 34, 35, 36, 37, 38, 39, 40, 41, 42, 43, 44, 45, 46, 47, 48, 49, 50, 51, 52, 53, 54, 55, 56, 57, 58, 59, 60, 61, 62, 63]))",-1.8,7,top,top,4.0,1.0,5.6209807563183745,-0.01,1,1.880293464201245,3.174911133253494,3.5811669096183656
55,pd7-ceria-a6.CONTCAR,"Atoms(symbols='CCe32O65Pd7', pbc=True, cell=[[13.447729072505142, -7.764049999999996, 0.0], [0.0, 15.528099999999998, 0.0], [0.0, 0.0, 19.7545]], constraint=FixAtoms(indices=[0, 1, 2, 3, 4, 5, 6, 7, 8, 9, 10, 11, 12, 13, 14, 15, 32, 33, 34, 35, 36, 37, 38, 39, 40, 41, 42, 43, 44, 45, 46, 47, 48, 49, 50, 51, 52, 53, 54, 55, 56, 57, 58, 59, 60, 61, 62, 63]))",-2.2,7,bridge,bridge,3.0022499369431905,0.5011249684715953,4.778598157361233,0.08,2,1.9646038979707845,1.9734643031011798,3.6341118891589685
56,pd7-ceria-a7.CONTCAR,"Atoms(symbols='CCe32O65Pd7', pbc=True, cell=[[13.447729072505142, -7.764049999999996, 0.0], [0.0, 15.528099999999998, 0.0], [0.0, 0.0, 19.7545]], constraint=FixAtoms(indices=[0, 1, 2, 3, 4, 5, 6, 7, 8, 9, 10, 11, 12, 13, 14, 15, 32, 33, 34, 35, 36, 37, 38, 39, 40, 41, 42, 43, 44, 45, 46, 47, 48, 49, 50, 51, 52, 53, 54, 55, 56, 57, 58, 59, 60, 61, 62, 63]))",-1.24,7,top,top,4.0,1.0,4.152732869262001,0.23,1,1.8945026412402517,3.244448612305322,3.919849438219549
57,pd7-ceria-co-CONTCAR,"Atoms(symbols='CCe32O64Pd7', pbc=True, cell=[[13.447729072505142, -7.764049999999996, 0.0], [0.0, 15.528099999999998, 0.0], [0.0, 0.0, 19.7545]], constraint=FixAtoms(indices=[0, 1, 2, 3, 4, 5, 6, 7, 8, 9, 10, 11, 12, 13, 14, 15, 32, 33, 34, 35, 36, 37, 38, 39, 40, 41, 42, 43, 44, 45, 46, 47, 48, 49, 50, 51, 52, 53, 54, 55, 56, 57, 58, 59, 60, 61, 62, 63]))",-2.2,7,hollow,hollow,4.36812878161609,0.33171845885183454,3.735760638054513,0.14,3,1.9884107554685928,2.0432750602859064,2.127980629574539
58,pd8-ceria-co-CONTCAR,"Atoms(symbols='CCe32O65Pd8', pbc=True, cell=[[13.447698687879647, -7.764032457428296, 0.0], [0.0, 15.528064914856582, 0.0], [0.0, 0.0, 19.754479466776573]], constraint=FixAtoms(indices=[0, 1, 2, 3, 4, 5, 6, 7, 8, 9, 10, 11, 12, 13, 14, 15, 32, 33, 34, 35, 36, 37, 38, 39, 40, 41, 42, 43, 44, 45, 46, 47, 48, 49, 50, 51, 52, 53, 54, 55, 56, 57, 58, 59, 60, 61, 62, 63]))",-2.36,8,bridge,bridge,4.0107071709106945,1.0,4.737047926387224,0.1,2,1.9550506610089646,1.9973699035041508,3.128608984392414
59,pd9-ceria-a1.CONTCAR,"Atoms(symbols='CCe32O65Pd9', pbc=True, cell=[[13.447698687879647, -7.764032457428296, 0.0], [0.0, 15.528064914856582, 0.0], [0.0, 0.0, 19.754479466776573]], constraint=FixAtoms(indices=[0, 1, 2, 3, 4, 5, 6, 7, 8, 9, 10, 11, 12, 13, 14, 15, 32, 33, 34, 35, 36, 37, 38, 39, 40, 41, 42, 43, 44, 45, 46, 47, 48, 49, 50, 51, 52, 53, 54, 55, 56, 57, 58, 59, 60, 61, 62, 63]))",-1.85,9,bridge,bridge,5.0,1.0,6.193312207060177,-0.005,2,1.9822363201420894,2.003281752716571,3.2340650814121528
60,pd9-ceria-a2.CONTCAR,"Atoms(symbols='CCe32O65Pd9', pbc=True, cell=[[13.447698687879647, -7.764032457428296, 0.0], [0.0, 15.528064914856582, 0.0], [0.0, 0.0, 19.754479466776573]], constraint=FixAtoms(indices=[0, 1, 2, 3, 4, 5, 6, 7, 8, 9, 10, 11, 12, 13, 14, 15, 32, 33, 34, 35, 36, 37, 38, 39, 40, 41, 42, 43, 44, 45, 46, 47, 48, 49, 50, 51, 52, 53, 54, 55, 56, 57, 58, 59, 60, 61, 62, 63]))",-2.3,9,hollow,hollow,4.716208495283009,0.680580422687989,4.0492436583724505,0.16,3,1.97737166033176,2.0152154881149125,2.1979277754405735
61,pd9-ceria-a3.CONTCAR,"Atoms(symbols='CCe32O65Pd9', pbc=True, cell=[[13.447698687879647, -7.764032457428296, 0.0], [0.0, 15.528064914856582, 0.0], [0.0, 0.0, 19.754479466776573]], constraint=FixAtoms(indices=[0, 1, 2, 3, 4, 5, 6, 7, 8, 9, 10, 11, 12, 13, 14, 15, 32, 33, 34, 35, 36, 37, 38, 39, 40, 41, 42, 43, 44, 45, 46, 47, 48, 49, 50, 51, 52, 53, 54, 55, 56, 57, 58, 59, 60, 61, 62, 63]))",-2.38,9,bridge,bridge,4.002946111364862,0.5014730556824308,4.749086114428826,0.105,2,1.9517841558476852,1.9633184842302185,3.654941200260908
62,pd9-ceria-a4.CONTCAR,"Atoms(symbols='CCe32O65Pd9', pbc=True, cell=[[13.447698687879647, -7.764032457428296, 0.0], [0.0, 15.528064914856582, 0.0], [0.0, 0.0, 19.754479466776573]], constraint=FixAtoms(indices=[0, 1, 2, 3, 4, 5, 6, 7, 8, 9, 10, 11, 12, 13, 14, 15, 32, 33, 34, 35, 36, 37, 38, 39, 40, 41, 42, 43, 44, 45, 46, 47, 48, 49, 50, 51, 52, 53, 54, 55, 56, 57, 58, 59, 60, 61, 62, 63]))",-1.82,9,hollow,hollow,5.323697530395043,0.9999999999999999,4.692553164688832,0.067,3,1.9704228108704749,2.0459139066775642,2.0708978945472563
63,pd9-ceria-a5.CONTCAR,"Atoms(symbols='CCe32O65Pd9', pbc=True, cell=[[13.447698687879647, -7.764032457428296, 0.0], [0.0, 15.528064914856582, 0.0], [0.0, 0.0, 19.754479466776573]], constraint=FixAtoms(indices=[0, 1, 2, 3, 4, 5, 6, 7, 8, 9, 10, 11, 12, 13, 14, 15, 32, 33, 34, 35, 36, 37, 38, 39, 40, 41, 42, 43, 44, 45, 46, 47, 48, 49, 50, 51, 52, 53, 54, 55, 56, 57, 58, 59, 60, 61, 62, 63]))",-1.82,9,top,top,5.0,1.0,6.222445795670727,-0.0105,1,1.874365800597403,3.5907482055269178,4.054222431685733
64,pd9-ceria-co-CONTCAR,"Atoms(symbols='CCe32O65Pd9', pbc=True, cell=[[13.447729072505142, -7.764049999999996, 0.0], [0.0, 15.528099999999998, 0.0], [0.0, 0.0, 19.7545]], constraint=FixAtoms(indices=[0, 1, 2, 3, 4, 5, 6, 7, 8, 9, 10, 11, 12, 13, 14, 15, 32, 33, 34, 35, 36, 37, 38, 39, 40, 41, 42, 43, 44, 45, 46, 47, 48, 49, 50, 51, 52, 53, 54, 55, 56, 57, 58, 59, 60, 61, 62, 63]))",-2.03,9,hollow,hollow,4.618615289910349,0.6254679582397048,4.134369107361565,0.16,3,1.417550869432705,2.021828142103904,2.0595102060921846
